{
    "silhouette": 0.6206490006134282,
    "davies_bouldin": 0.7041630748061062,
    "outlier_ratio": 0.03,
    "n_clusters": 10
}