{
    "accuracy": 0.9992,
    "f1_weighted": 0.999201890545652,
    "report": {
        "inusual": {
            "precision": 1.0,
            "recall": 0.998324557204404,
            "f1-score": 0.999161576236675,
            "support": 4178.0
        },
        "preocupante": {
            "precision": 0.9895150720838795,
            "recall": 1.0,
            "f1-score": 0.994729907773386,
            "support": 1510.0
        },
        "relevante": {
            "precision": 1.0,
            "recall": 0.9993711570709893,
            "f1-score": 0.9996854796435436,
            "support": 14312.0
        },
        "accuracy": 0.9992,
        "macro avg": {
            "precision": 0.9965050240279597,
            "recall": 0.9992319047584646,
            "f1-score": 0.9978589878845349,
            "support": 20000.0
        },
        "weighted avg": {
            "precision": 0.9992083879423329,
            "recall": 0.9992,
            "f1-score": 0.999201890545652,
            "support": 20000.0
        }
    },
    "confusion_matrix": [
        [
            14303,
            0,
            9
        ],
        [
            0,
            4171,
            7
        ],
        [
            0,
            0,
            1510
        ]
    ],
    "fn_preocupante": 0,
    "fn_inusual": 7
}